Row_ID,Transaction_ID,Amount,Timestamp
1,T009,4373,2024-01-03 17:19:00
2,T036,2581,2024-01-01 12:08:00
3,T027,1473,2024-01-03 19:58:00
4,T025,3728,2024-01-02 15:59:00
5,T031,4185,2024-01-01 11:54:00
6,T010,2498,2024-01-03 11:03:00
7,T019,4797,2024-01-04 05:10:00
8,T016,4379,2024-01-02 05:18:00
9,T007,4577,2024-01-03 17:56:00
10,T018,2921,2024-01-04 01:54:00
11,T023,4850,2024-01-03 12:27:00
12,T017,4530,2024-01-02 05:12:00
13,T014,1229,2024-01-01 15:44:00
14,T017,365,2024-01-04 07:31:00
15,T026,1323,2024-01-03 12:33:00
16,T026,3731,2024-01-04 01:11:00
17,T013,832,2024-01-04 16:45:00
18,T009,4022,2024-01-03 09:20:00
19,T017,1893,2024-01-02 14:45:00
20,T038,3330,2024-01-03 09:35:00
21,T008,4116,2024-01-01 16:21:00
22,T016,1574,2024-01-03 18:35:00
23,T022,3177,2024-01-02 01:16:00
24,T005,665,2024-01-04 19:06:00
25,T006,241,2024-01-01 12:27:00
26,T031,1172,2024-01-03 11:48:00
27,T028,4745,2024-01-04 01:32:00
28,T039,356,2024-01-02 15:12:00
29,T002,873,2024-01-04 06:52:00
30,T029,1287,2024-01-01 16:44:00
31,T038,2739,2024-01-04 14:59:00
32,T037,4584,2024-01-01 10:49:00
33,T002,1138,2024-01-01 15:19:00
34,T002,1010,2024-01-04 01:28:00
35,T009,2508,2024-01-02 11:51:00
36,T007,1513,2024-01-03 23:32:00
37,T037,4475,2024-01-04 00:25:00
38,T036,1466,2024-01-03 20:52:00
39,T026,4629,2024-01-04 08:36:00
40,T034,2560,2024-01-03 08:13:00
41,T031,426,2024-01-02 03:57:00
42,T039,534,2024-01-03 20:02:00
43,T039,3204,2024-01-04 17:05:00
44,T022,4042,2024-01-03 00:04:00
45,T007,2174,2024-01-03 17:04:00
46,T030,881,2024-01-02 19:45:00
47,T008,3749,2024-01-04 03:55:00
48,T004,2817,2024-01-02 05:08:00
49,T004,1792,2024-01-02 12:46:00
50,T005,4607,2024-01-04 07:39:00
51,T040,4660,2024-01-01 18:24:00
52,T013,1805,2024-01-03 20:41:00
53,T007,3680,2024-01-04 14:40:00
54,T024,3166,2024-01-04 08:12:00
55,T025,2910,2024-01-01 11:08:00
56,T007,1163,2024-01-03 12:45:00
57,T035,2125,2024-01-01 19:54:00
58,T032,3547,2024-01-04 13:57:00
59,T025,4487,2024-01-01 18:33:00
60,T040,3058,2024-01-03 22:43:00
61,T038,2058,2024-01-03 18:41:00
62,T040,183,2024-01-04 14:19:00
63,T020,4337,2024-01-03 17:17:00
64,T037,171,2024-01-01 17:49:00
65,T022,652,2024-01-03 16:43:00
66,T039,925,2024-01-04 12:02:00
67,T027,2383,2024-01-02 18:02:00
68,T034,1159,2024-01-03 11:15:00
69,T016,1001,2024-01-04 19:38:00
70,T015,1244,2024-01-01 21:20:00
71,T023,2636,2024-01-03 11:04:00
72,T034,3053,2024-01-02 11:18:00
73,T027,2762,2024-01-04 02:07:00
74,T001,185,2024-01-02 02:49:00
75,T017,827,2024-01-01 23:23:00
76,T013,1688,2024-01-02 09:10:00
77,T014,2797,2024-01-02 07:05:00
78,T038,1330,2024-01-04 07:54:00
79,T019,2653,2024-01-02 10:55:00
80,T033,1132,2024-01-02 05:45:00
81,T021,4154,2024-01-04 13:08:00
82,T021,2341,2024-01-01 21:45:00
83,T002,302,2024-01-04 19:30:00
84,T022,3223,2024-01-02 04:20:00
85,T034,587,2024-01-02 22:57:00
86,T025,4070,2024-01-01 12:31:00
87,T024,4830,2024-01-03 15:48:00
88,T029,1481,2024-01-03 03:33:00
89,T007,1852,2024-01-01 16:46:00
90,T014,3477,2024-01-01 17:03:00
91,T024,1501,2024-01-01 16:13:00
92,T036,4624,2024-01-03 09:26:00
93,T001,4020,2024-01-03 16:38:00
94,T032,138,2024-01-01 21:37:00
95,T003,824,2024-01-04 05:08:00
96,T014,2427,2024-01-03 02:33:00
97,T030,2093,2024-01-02 19:32:00
98,T004,3928,2024-01-02 18:34:00
99,T037,757,2024-01-03 09:58:00
100,T036,4992,2024-01-01 20:11:00
